path	bytes	md5
non_roster_dirs.tsv	668	aa474a92332763c8c8dc7b2b3873753e
logs/w0/audit_cpu.log.gz	2229	0ea34e27dd5935369e98cd599a7702fa
logs/w0/disk_guard.log.gz	2733	7f5af95b7f82a9c80a3a0dec08e3d146
logs/w0/evalq/evalq_exp_refill.log.gz	3561	d1f3b7c3841fb5f1a48047fc75008751
logs/w0/evalw/evalw_w0_foreign_gpu0.log.gz	3407	a9ebeadccafb443b5067e4b098de9719
logs/w0/evalw/evalw_w0_foreign_gpu1.log.gz	3580	401db7f61147b7972278c0069d8adbd1
logs/w0/evalw/evalw_w0_foreign_gpu2.log.gz	3432	07a4564261d80cb70bcff3445e8982da
logs/w0/evalw/evalw_w0_foreign_gpu3.log.gz	28753	9a362b0a7e16ec20ca481f1224cc4f67
logs/w0/evalw/evalw_w0_foreign_gpu4.log.gz	3577	fa6379962cf5d028fb4af246dfabc149
logs/w0/evalw/evalw_w0_foreign_gpu5.log.gz	3567	103540cc0dedb0d7089a960381697de2
logs/w0/evalw/evalw_w0_foreign_gpu6.log.gz	3636	a0c0961d9b1cfd2ee2ab01e4f6744e3a
logs/w0/evalw/evalw_w0_foreign_gpu7.log.gz	9438	f93ded4fadb9ffc6bd9f608dd14aef64
logs/w0/evalw/evalw_w0_gpu0.log.gz	27528	6e7118401e82a96fecd332b17b3e31c3
logs/w0/evalw/evalw_w0_gpu1.log.gz	27270	84f72bc118806e840c4b2a316c77ec31
logs/w0/evalw/evalw_w0_gpu2.log.gz	44435	588ab4d1ab631e6037becc7e5cd9e347
logs/w0/evalw/evalw_w0_gpu3.log.gz	74697	e2ed273f59a8d98e780207b1de2ce0b0
logs/w0/evalw/evalw_w0_gpu4.log.gz	102123	22258d74ec7955591485fbeecb672ab5
logs/w0/evalw/evalw_w0_gpu5.log.gz	128190	5e9582984161e729229627ed32322651
logs/w0/evalw/evalw_w0_gpu6.log.gz	42983	39d06e14c21bf659bf925feaefb9c0f9
logs/w0/evalw/evalw_w0_gpu7.log.gz	142212	edc5e1124afefb222ef5566aa0c1c7c9
logs/w0/export_train_w0.log.gz	308	77909d8ba135a24e951958cb889b3508
logs/w0/extra_cells.tsv.gz	443	10ad4ce91968d25c72bb144b93dd688e
logs/w0/extra.log.gz	364	46d94019c0dcedda79754ef34f17c511
logs/w0/gpu_guard.log.gz	4256	f630ae387ac38bda41fec4b98e1f37f5
logs/w0/holder_guard.log.gz	239	fb9bd8a07077b238bf025cc5eede4b00
logs/w0/lane_handoff.log.gz	37	3a527d164e24dc6746ae12bd41efd458
logs/w0/lanes/lane0_20260919_072850.log.gz	19377	6f00fdcdb5d7de5a9bcf7abd596b19ac
logs/w0/lanes/lane1_20260919_072850.log.gz	19028	e70cdb67c1a0e75416e2bc91e0484ae9
logs/w0/lanes/retrain_lane_node_w0.log.gz	781	de6d0ee69e412e4fe4f5f19707cbeda3
logs/w0/node_eval.log.gz	1340	a4c43badcf7432b607ef82873f4d291a
logs/w0/node_run.log.gz	195	fd71277941bf0813b82a0902a080d805
logs/w0/offload.log.gz	1753	411dc6c6d3298592c4a595b308f58a5e
logs/w0/offload_state.tsv.gz	352	800d369f490f60f6182d1891fe66dd95
logs/w0/rehearsal_w0.log.gz	443	422a0b091e8de8ec254e08bd87a11dc7
logs/w0/replan_w0.log.gz	369	a484beac14b85cacd2d56ac3d516d00d
logs/w0/split.log.gz	393	6951306ae264b9c4f6029412ecf73c42
logs/w0/sync.log.gz	69	807a5568d70758cb35bf464d2f34b396
logs/w0/train_launch.log.gz	339	e66e5f8609fc4cf57c8d54b65c5b1a43
logs/w0/traj_sample.log.gz	533	2886b4e7ce6bd72281f8d048bcdb28d1
logs/w0/wandb_fast.log.gz	1119	829d2a2efe9fabf89c29f8e50f672a8b
logs/w0/wandb_first_push.log.gz	192	510c7b942098d118014e26814f01d89b
logs/w0/wandb_sync.log.gz	4772	fd3bdc767ad97c4d887a166888624d6d
logs/w1/a_axis_gate.log.gz	313	fe1955c3e81a76c2dadd7289179e9989
logs/w1/disk_cleanup_candidates.txt.gz	587	e722ca8161efe83167f882cb3d5500e5
logs/w1/disk_guard.log.gz	2438	5d0471355005740623a4808f4409e504
logs/w1/evalq/evalq_exp_refill.log.gz	3843	8d094fa80698ba9274c163afd0251d00
logs/w1/evalw/evalw_w1_foreign_gpu0.log.gz	2209	cfe582398c180c51445b742478e87c60
logs/w1/evalw/evalw_w1_foreign_gpu1.log.gz	2346	dfd5f929f953289f1c1e2f5e9ea28229
logs/w1/evalw/evalw_w1_foreign_gpu4.log.gz	1948	5b531f3d1fa27265434951c5f36ad30b
logs/w1/evalw/evalw_w1_foreign_gpu5.log.gz	18495	951a5c613ca9de2a01b5a3c36287230b
logs/w1/evalw/evalw_w1_foreign_gpu6.log.gz	2518	ad5b2f592d7e111e64fa1f3e4c7ca0dd
logs/w1/evalw/evalw_w1_foreign_gpu7.log.gz	2480	a0a1d87bdb70f4a6c72de94ab63991f7
logs/w1/evalw/evalw_w1_gpu0.log.gz	70147	2a6c2134a213688d8995120921d3f461
logs/w1/evalw/evalw_w1_gpu1.log.gz	92469	ef6138f076574e358bb1d15d47b88099
logs/w1/evalw/evalw_w1_gpu2.log.gz	12726	a900e8e7f0c6d7acd09b15b174cd0cd0
logs/w1/evalw/evalw_w1_gpu3.log.gz	12376	ab9293bd6aeed8c5197d90c3196465eb
logs/w1/evalw/evalw_w1_gpu4.log.gz	61017	348733ad16131587048ac314b41f014d
logs/w1/evalw/evalw_w1_gpu5.log.gz	32454	0998edb7f0c821ebc5e34adad1340c88
logs/w1/evalw/evalw_w1_gpu6.log.gz	51570	e9e7b112e0dd3746ccacb5ff20e5deb1
logs/w1/evalw/evalw_w1_gpu7.log.gz	70060	774cc01cac91d271a8e8954de1fa1f22
logs/w1/export_train_w1.log.gz	332	aaacd0c962083f4b06e79ba8d2126e84
logs/w1/gpu_guard.log.gz	6055	23905465e91894bff3a804dfcc8f5eec
logs/w1/gpu_guard_manual.log.gz	400	0084f21d80973b8db360247675ce47c4
logs/w1/holder_guard.log.gz	193	838f9f90a06881c20745bfaf3b6dd9d3
logs/w1/lane_handoff.log.gz	157	2a9e4aa57e6a595c6aedc48ac1c4b358
logs/w1/lanes/lane0_20260919_072914.log.gz	62045	e6878b286ce1bf823ef6a6c3fe402944
logs/w1/lanes/lane1_20260919_072914.log.gz	178485	ca589bccd3a56325778c80f35bf557e5
logs/w1/lanes/lane2_20260919_072914.log.gz	56775	757eff74b8a41a228e251267ebeb3b04
logs/w1/lanes/retrain_lane_node_w1.log.gz	974	92b91f36d9b5243e159a9b31b0d50ac2
logs/w1/node_eval.log.gz	1428	c7a5b8c648d65151b6bb2e734eb70b67
logs/w1/node_run.log.gz	195	61d342ee32e252639e57e33b4be79fb7
logs/w1/train_launch.log.gz	401	3fd2b9e53888089c067b57c48ca45f68
logs/w1/traj_sample.log.gz	732	72c4ec66232aa624fc03a619559c4e1a
logs/w1/wandb_live_ids.txt.gz	39	57d041f9d5b41f8f57a1293fd78c9e09
logs/w1/wandb_live.log.gz	277	2999360f077382ab754292afaee22cde
logs/w1/yield_holder.err.gz	37	fd2409e66eb2b9039a79af3fb12b78e4
logs/w2/disk_guard.log.gz	2403	3a86834fc4e23b3d66550bef2d6585a4
logs/w2/evalq/evalq_exp_refill.log.gz	3402	39c7d12b8ff6b9bb36440e112091a10d
logs/w2/evalq/evalq_foreign_failed/h4_random_scatter_corr_s0__100.gz	114	066e973a34c422c2527532248a261690
logs/w2/evalw/evalw_w2_foreign_gpu0.log.gz	27153	f9cd23a9f5343a35c2c5d5c40e4095cb
logs/w2/evalw/evalw_w2_foreign_gpu1.log.gz	26654	df6181169514314390d248258c281f92
logs/w2/evalw/evalw_w2_foreign_gpu2.log.gz	3561	ec573e911321dd2753a48a84cdc4cf27
logs/w2/evalw/evalw_w2_foreign_gpu3.log.gz	45073	a71aa02108027a78483a3740b367ad09
logs/w2/evalw/evalw_w2_foreign_gpu4.log.gz	33820	35d54dbc2d26397fee622d0163014520
logs/w2/evalw/evalw_w2_foreign_gpu5.log.gz	80699	478d7a0989b4c22be897ae067e6d4311
logs/w2/evalw/evalw_w2_foreign_gpu6.log.gz	33934	7f44c67205b1f4a02237cb23bf24bd13
logs/w2/evalw/evalw_w2_foreign_gpu7.log.gz	2852	a53631ad531cc930046219309b1f2e82
logs/w2/evalw/evalw_w2_gpu0.log.gz	84104	e88d66ad7e63b73dc67b9a5c90c42f33
logs/w2/evalw/evalw_w2_gpu1.log.gz	93019	6f1b26aa5620380796f5c425cdad384a
logs/w2/evalw/evalw_w2_gpu2.log.gz	100937	99a28d26887c8a119e3490058930982a
logs/w2/evalw/evalw_w2_gpu3.log.gz	89112	a1f9dafb94284509217d8ab41fd15459
logs/w2/evalw/evalw_w2_gpu4.log.gz	92213	408f37764d376cace971163b59ddbb5e
logs/w2/evalw/evalw_w2_gpu5.log.gz	33095	83e0164d67d346540c83c3da06b5f325
logs/w2/evalw/evalw_w2_gpu6.log.gz	69173	0d643434d0a38ca0d7fd033c782780bc
logs/w2/evalw/evalw_w2_gpu7.log.gz	52511	4ea82f608649cfd0a1f41a41bfc76f61
logs/w2/export_train_w2.log.gz	325	c8004c121941800cc8e69203269ef591
logs/w2/gpu_guard.log.gz	4671	db3d93e5e3946c680756b3b470cb6dfc
logs/w2/holder_guard.log.gz	154	f79e42971788e8459c1e6185bd5dc81c
logs/w2/lane_handoff.log.gz	37	3a527d164e24dc6746ae12bd41efd458
logs/w2/lanes/lane0_20260919_072939.log.gz	19836	f41ccae230af3e0c27f2a26d2c521033
logs/w2/lanes/lane1_20260919_072939.log.gz	22107	393d8cbc025c2b461c2e000b4dc0d937
logs/w2/lanes/lane2_20260919_072939.log.gz	19409	d9e97b0d2e85570c47e32660ba7e48f1
logs/w2/lanes/retrain_lane_node_w2.log.gz	946	3560a6af629c7525937ac8e793e8e88f
logs/w2/node_eval.log.gz	1382	4951505caa78bac4031292e6af745dfa
logs/w2/node_run.log.gz	195	6e4b0b2e5f0218ab513ab6f76fd79955
logs/w2/replan_w2.log.gz	450	da041406a4dc0331d7bd0886ee12ddc2
logs/w2/train_launch.log.gz	387	b6383f945c726fe2e3c486ec5be6504d
logs/w2/traj_sample.log.gz	562	52466edf2b091642b0715e7cda87dbb8
logs/w3/disk_guard.log.gz	2490	5651f0c075494927c26ca7b17a0fd042
logs/w3/evalq/evalq_exp_refill.log.gz	3704	c3d1ba082ef42d6ea8819b8caaa5980f
logs/w3/evalw/evalw_w3_foreign_gpu0.log.gz	2222	c4fb94b1216db61911d9537f113b709a
logs/w3/evalw/evalw_w3_foreign_gpu1.log.gz	28950	9dc599f5ef10bd5ca6e47c86f354a9e9
logs/w3/evalw/evalw_w3_foreign_gpu2.log.gz	26433	a5006ab19028b43c8c2f49b59cfe01f6
logs/w3/evalw/evalw_w3_foreign_gpu3.log.gz	2359	013472878daad48dabe3f2191dec120c
logs/w3/evalw/evalw_w3_foreign_gpu4.log.gz	2648	540f4bfc7650671337dde349263c921c
logs/w3/evalw/evalw_w3_foreign_gpu5.log.gz	39660	47ed128c267b60e2a956393171355b0c
logs/w3/evalw/evalw_w3_foreign_gpu6.log.gz	2662	8baa259235b821c9d88d569a17070e7c
logs/w3/evalw/evalw_w3_foreign_gpu7.log.gz	27220	58cf0ba4f1e26300532ce8e58f14405a
logs/w3/evalw/evalw_w3_gpu0.log.gz	89935	de19b5074bdb6704807920d4f9eedffd
logs/w3/evalw/evalw_w3_gpu1.log.gz	66316	c43c8586199fc92deb927ebc4263f1fe
logs/w3/evalw/evalw_w3_gpu2.log.gz	25585	afea7694de4cb2e304f119f44e300545
logs/w3/evalw/evalw_w3_gpu3.log.gz	63835	4124525d79fbcde38163ac48f5603e4b
logs/w3/evalw/evalw_w3_gpu4.log.gz	139902	5163aa6745893b7fd313371c095e1cb3
logs/w3/evalw/evalw_w3_gpu5.log.gz	71839	ea28a02b4eaee8d185a79a5593f2d660
logs/w3/evalw/evalw_w3_gpu6.log.gz	109999	b93507c76b7b5ec6f3d1027f1ef5b1f9
logs/w3/evalw/evalw_w3_gpu7.log.gz	97745	4e8975641b92aba2865617d0ef6a96a9
logs/w3/export_train_w3.log.gz	320	cb4668150bee06b30137674dbd6fc168
logs/w3/gpu_guard.log.gz	5204	c1a986299f9c0e6615433586f4607a0d
logs/w3/holder_guard.log.gz	147	26ec3ee4af109b25247944d9f2136496
logs/w3/lane_handoff.log.gz	139	56f3f9beddf3137f25eea7399880c818
logs/w3/lanes/lane0_20260919_073000.log.gz	91337	84b591566476ac89bb5a776bf9ca28d2
logs/w3/lanes/lane1_20260919_073000.log.gz	91277	605fa23deb1900b9ed2d104ea7ba4c3c
logs/w3/lanes/retrain_lane_node_w3.log.gz	944	b52724a0ca55b05b286fffa19cff4757
logs/w3/node_eval.log.gz	1487	d9a43433aff360bae8e263f69449a699
logs/w3/node_run.log.gz	196	a13931299fd2c8e4e26f0ab48e43e406
logs/w3/train_launch.log.gz	358	db7d1dc59e3def9f9f1bada61225ff4f
logs/w3/traj_sample.log.gz	633	2b9d40714ebb9427ad6c5ae6d7e3ae77
logs/w3/wandb_live_ids.txt.gz	39	57d041f9d5b41f8f57a1293fd78c9e09
logs/w3/wandb_live.log.gz	253	6ef5181b817e49a1e5a21ae6b1206e23
traj_samples/a1_gkd_mix0.5_n0_s0/stage_0025.json	388	a83782ccf2d854fd42b7f5f5950e48db
traj_samples/a1_gkd_mix0.5_n0_s0/stage_0025.parquet	728923	c1ee44b8fd844daa820d560b0b715c17
traj_samples/a1_gkd_mix0.5_n0_s0/stage_0050.json	388	5567fd96aea971e443306ec6b62d0812
traj_samples/a1_gkd_mix0.5_n0_s0/stage_0050.parquet	1051283	d39faef2e4afb19ac8dbb29962af8290
traj_samples/a1_gkd_mix0.5_n0_s0/stage_0075.json	388	8def82cd7732e22b01f704900224ad08
traj_samples/a1_gkd_mix0.5_n0_s0/stage_0075.parquet	1153678	da13c14c0fe8e3e681fc898c9f7d626b
traj_samples/a1_gkd_mix0.5_n0_s0/stage_0100.json	388	b89858e34ec5a57bb800bd06b5bc6507
traj_samples/a1_gkd_mix0.5_n0_s0/stage_0100.parquet	1000709	50fa0cbc69788a2766ef12dd032e0ce1
traj_samples/a1_gkd_mix0.5_n0_s0/stage_0125.json	385	2e77945d9adbc0d2d496df87466a46ba
traj_samples/a1_gkd_mix0.5_n0_s0/stage_0125.parquet	966372	f14aac27cfb69b98581f91146a1dfa1d
traj_samples/a1_gkd_mix0.5_n0_s0/stage_0150.json	388	0e0efd2ab3161922455718f71b0a4013
traj_samples/a1_gkd_mix0.5_n0_s0/stage_0150.parquet	943973	544671e451ff4838f143a25040d1b2fc
traj_samples/a1_gkd_mix0.5_n0_s0/stage_0175.json	387	1260e89c7a5b6feb580fb6674ce46778
traj_samples/a1_gkd_mix0.5_n0_s0/stage_0175.parquet	961197	4c01903d9137602576c19fbd73d3f79e
traj_samples/a1_gkd_mix0.5_n0_s0/stage_0200.json	386	ddaea532f951be7c4e87e61f2bc77299
traj_samples/a1_gkd_mix0.5_n0_s0/stage_0200.parquet	938789	aa87165be24a57f229818980fb028b19
traj_samples/a3_offpolicy_n0_s0/stage_0025.json	387	84f8ef5de916e336b9d34fd4c96a6be1
traj_samples/a3_offpolicy_n0_s0/stage_0025.parquet	803434	ce2f7ba7f27a753a270a06337872b9c0
traj_samples/a3_offpolicy_n0_s0/stage_0050.json	386	f7d23c77d95c666ffcaa9f6ebd13d976
traj_samples/a3_offpolicy_n0_s0/stage_0050.parquet	815394	050b4ad62114714da3ca000036598075
traj_samples/a3_offpolicy_n0_s0/stage_0075.json	385	b0b38c5b8b9d03d2de1ec6b492efff28
traj_samples/a3_offpolicy_n0_s0/stage_0075.parquet	826485	f6d61e023db077994e677e5815e4007c
traj_samples/a3_offpolicy_n0_s0/stage_0100.json	389	626ccfc58b5299a2480e6306ed1b6a97
traj_samples/a3_offpolicy_n0_s0/stage_0100.parquet	862327	933f26cfef8ecd93a6853c2a252ef953
traj_samples/a3_offpolicy_n0_s0/stage_0125.json	389	ebe74910e1c76a31f8367d247cc1d4cf
traj_samples/a3_offpolicy_n0_s0/stage_0125.parquet	839158	6dc26f58f02e6ccd22e0ae6c48891ad4
traj_samples/a3_offpolicy_n0_s0/stage_0150.json	389	abd627fedc5f5fa3a14ea00bac077a32
traj_samples/a3_offpolicy_n0_s0/stage_0150.parquet	726347	718f5b75f96b6e5f7a7f834ec5cabc19
traj_samples/a3_offpolicy_n0_s0/stage_0175.json	389	e42e5069b460dec14330c4dcdeebe392
traj_samples/a3_offpolicy_n0_s0/stage_0175.parquet	866835	f924dcc1941d3a4034f4855431c8830c
traj_samples/a3_offpolicy_n0_s0/stage_0200.json	387	d2bda8e7a423a508ca6aca4d0cc44465
traj_samples/a3_offpolicy_n0_s0/stage_0200.parquet	818793	82feba65943a751970c6e69e918f6216
traj_samples/a4_dagger_anneal_n0_s0/stage_0025.json	391	33c1943b57cfa903ae65ec36eb45d7ef
traj_samples/a4_dagger_anneal_n0_s0/stage_0025.parquet	776452	e8efb4691c96e163da350f7b8ac5851e
traj_samples/a4_dagger_anneal_n0_s0/stage_0050.json	391	a6e43d90e2f2a3c730b3733e505d338f
traj_samples/a4_dagger_anneal_n0_s0/stage_0050.parquet	830944	3ac63c61860c72947df5d82712830884
traj_samples/a4_dagger_anneal_n0_s0/stage_0075.json	392	4a85fb83f8cc1c82181420b56e2563c6
traj_samples/a4_dagger_anneal_n0_s0/stage_0075.parquet	1181500	844a2fe4ecd399152cbe0a96e0f6aec8
traj_samples/a4_dagger_anneal_n0_s0/stage_0100.json	389	8acac673b878ac176e43d4e457d30d9b
traj_samples/a4_dagger_anneal_n0_s0/stage_0100.parquet	988231	6b81dc314ae7709d8fd6cc946fb0bbc5
traj_samples/a4_dagger_anneal_n0_s0/stage_0125.json	390	1fcd423c614de57d77305cc5b29b02d3
traj_samples/a4_dagger_anneal_n0_s0/stage_0125.parquet	981618	ed87fa09eac969cc34d8fb63e6580a07
traj_samples/a4_dagger_anneal_n0_s0/stage_0150.json	394	2b7e7860118ba547c679306c6d8bdce1
traj_samples/a4_dagger_anneal_n0_s0/stage_0150.parquet	1005495	a786fb967c8037af24bc88afac0fbc1c
traj_samples/a4_dagger_anneal_n0_s0/stage_0175.json	393	e598c847c15aab5a98d7dd16ce42b563
traj_samples/a4_dagger_anneal_n0_s0/stage_0175.parquet	1054550	1c7a897ba9b5f7576078c0cc13fbe184
traj_samples/a4_dagger_anneal_n0_s0/stage_0200.json	391	02ab74b57aad043efdc6927d8fa93058
traj_samples/a4_dagger_anneal_n0_s0/stage_0200.parquet	974913	8abb4ef27826c316276f897136ebb123
traj_samples/a5_aggrevate_n0_s0/stage_0025.json	381	f86eb673c4aa0135d699fadf7eedc1bb
traj_samples/a5_aggrevate_n0_s0/stage_0025.parquet	529487	36c59f79322f207ac4b5b266204143cf
traj_samples/a5_aggrevate_n0_s0/stage_0050.json	386	3fd800e7c4ab8e38e14a72350cd9cbcb
traj_samples/a5_aggrevate_n0_s0/stage_0050.parquet	721218	fa85363397cacc13acd9897accae2fd3
traj_samples/a5_aggrevate_n0_s0/stage_0075.json	387	eb1d2d7609f5820fd194ca596c5d85ba
traj_samples/a5_aggrevate_n0_s0/stage_0075.parquet	1050912	654a1451683312969913498ca01bb944
traj_samples/a5_aggrevate_n0_s0/stage_0100.json	387	f4f6fa013298fccb4c92d406ccfc6bd8
traj_samples/a5_aggrevate_n0_s0/stage_0100.parquet	1059470	edf6bcf702743120dc8d655dc6a248a2
traj_samples/a5_aggrevate_n0_s0/stage_0125.json	388	ee2bb843c6ba44178d2df8aae1561b45
traj_samples/a5_aggrevate_n0_s0/stage_0125.parquet	1125732	f75e77db74084edf993761436cd325c5
traj_samples/a5_aggrevate_n0_s0/stage_0150.json	386	7d652e7c9f429a32603411452bbc93d5
traj_samples/a5_aggrevate_n0_s0/stage_0150.parquet	1053351	12c35ae42ada95c6e4ec58f135c8aa82
traj_samples/a5_aggrevate_n0_s0/stage_0175.json	391	3dab578cd55992a92388102fa4332cc7
traj_samples/a5_aggrevate_n0_s0/stage_0175.parquet	1124723	ebe2bbd839bf242a3301d9121a81a9d4
traj_samples/a5_aggrevate_n0_s0/stage_0200.json	390	26d07090d73066e8ca15ab0fd865ca19
traj_samples/a5_aggrevate_n0_s0/stage_0200.parquet	1089301	3cac101fae2163042bd9cb04daea4166
traj_samples/b1_skew_kl_corr_s0/stage_0025.json	386	f84a958162328b59fdb02b9e98407bbc
traj_samples/b1_skew_kl_corr_s0/stage_0025.parquet	246880	9e86953704b17976703f7580fc9f08af
traj_samples/b1_skew_kl_corr_s0/stage_0050.json	384	76b612a23cf882aab6d07c016b44234e
traj_samples/b1_skew_kl_corr_s0/stage_0050.parquet	968126	8b86fecc61b24be411c25511a4baae66
traj_samples/b1_skew_kl_corr_s0/stage_0075.json	386	58326ba493c4fd504dab407b46d00b64
traj_samples/b1_skew_kl_corr_s0/stage_0075.parquet	1040804	96b2960c1f22521e08cec5259d0ec155
traj_samples/b1_skew_kl_corr_s0/stage_0100.json	389	74ddc76632c042b0101276f94e33e61d
traj_samples/b1_skew_kl_corr_s0/stage_0100.parquet	1009608	12bdbf84777cc9bcc9a02c1cbfc7e52c
traj_samples/b1_skew_kl_corr_s0/stage_0125.json	390	cbfd7b457e22d4141a600ec330aa8c7b
traj_samples/b1_skew_kl_corr_s0/stage_0125.parquet	1038141	9458782fb2e88e775810ef5fca4f2a45
traj_samples/b1_skew_kl_corr_s0/stage_0150.json	389	8359562c777686d0533f6ea9a13fcc5c
traj_samples/b1_skew_kl_corr_s0/stage_0150.parquet	1022561	cfc76111fa314a70d77566f30ef49a97
traj_samples/b1_skew_kl_corr_s0/stage_0175.json	389	77d74b819733341c16ac23c15a48982c
traj_samples/b1_skew_kl_corr_s0/stage_0175.parquet	1032615	281de820d07e94415601e94404eeb9dd
traj_samples/b1_skew_kl_corr_s0/stage_0200.json	385	64a6c590f577c8f8493df442bba6eb67
traj_samples/b1_skew_kl_corr_s0/stage_0200.parquet	989980	ea4194f2b4dc8cc48ecc7aa1212596c5
traj_samples/b2_forward_kl_corr_s0/stage_0025.json	388	96fa2e1939b408cec6629b105e80816e
traj_samples/b2_forward_kl_corr_s0/stage_0025.parquet	243463	840ba79e9d455b0078f5b3c0fdc996ec
traj_samples/b2_forward_kl_corr_s0/stage_0050.json	390	9e5f26b8f04da918e43d46eec80c98f0
traj_samples/b2_forward_kl_corr_s0/stage_0050.parquet	1296083	890fce5e0c458e5a76a102c5baa985f8
traj_samples/b2_forward_kl_corr_s0/stage_0075.json	391	5d4b06ea438535c0c53c9970f7b3f0e5
traj_samples/b2_forward_kl_corr_s0/stage_0075.parquet	1455174	bacd6a8a67697d37c1dc4f479aba1f06
traj_samples/b2_forward_kl_corr_s0/stage_0100.json	393	2ed72548ef775b689c6547def1631e40
traj_samples/b2_forward_kl_corr_s0/stage_0100.parquet	1442209	fe96b3249f0c7da431943efd5c81e2bb
traj_samples/b2_forward_kl_corr_s0/stage_0125.json	392	669fdc8de1aa8d1b105365a9e57b94ce
traj_samples/b2_forward_kl_corr_s0/stage_0125.parquet	1455843	eb657dfde3b3f46c6829c3a696c52e14
traj_samples/b2_forward_kl_corr_s0/stage_0150.json	392	ea3a82e90d8dbdeb2f4438fbc29b18b9
traj_samples/b2_forward_kl_corr_s0/stage_0150.parquet	1510863	15eaaf8ca883a8ad59a6d50771b40abe
traj_samples/b2_forward_kl_corr_s0/stage_0175.json	393	0f68e91a507afddc0659c73209da66f3
traj_samples/b2_forward_kl_corr_s0/stage_0175.parquet	1563004	a450108b7591fab20791e492d610fcf6
traj_samples/b2_forward_kl_corr_s0/stage_0200.json	391	e06a2d6a63e02d6c1e2a7c6ac8088f3b
traj_samples/b2_forward_kl_corr_s0/stage_0200.parquet	1512164	004a6a31acb164a57ffaae288d7c4c60
traj_samples/c2_qb_fixed8_corr_s0/stage_0025.json	387	20cafa692a6b424ddca6748183851957
traj_samples/c2_qb_fixed8_corr_s0/stage_0025.parquet	396916	cffd6ab92189dd5e802897fc6c271d48
traj_samples/c2_qb_fixed8_corr_s0/stage_0050.json	390	7daa1be4a894e2cf66edc10d2c540cf2
traj_samples/c2_qb_fixed8_corr_s0/stage_0050.parquet	1386303	f539c724ec750b53d0ce728d2d7801b7
traj_samples/c2_qb_fixed8_corr_s0/stage_0075.json	388	4150a8bb8995a29bda47c482725573a0
traj_samples/c2_qb_fixed8_corr_s0/stage_0075.parquet	1806151	0c967491c17cec420529b185cb01fe3e
traj_samples/c2_qb_fixed8_corr_s0/stage_0100.json	391	276d2e4b872f4ad85f68f86ce2f82c5d
traj_samples/c2_qb_fixed8_corr_s0/stage_0100.parquet	1757917	66f3468d40568e6556ae22c53f7d6204
traj_samples/c2_qb_fixed8_corr_s0/stage_0125.json	391	8bf7152685c13a28af97887316e26131
traj_samples/c2_qb_fixed8_corr_s0/stage_0125.parquet	5659136	1119f241b8630eff65780c0e6edfbac1
traj_samples/c2_qb_fixed8_corr_s0/stage_0150.json	386	f76abb0ebd6c453dbd7e20d5b1b15efe
traj_samples/c2_qb_fixed8_corr_s0/stage_0150.parquet	6189080	d3296d47bfd33efaefa5b714ec21f786
traj_samples/c2_qb_fixed8_corr_s0/stage_0175.json	391	864b1e3df810f83b9c10e1369d29f497
traj_samples/c2_qb_fixed8_corr_s0/stage_0175.parquet	5440045	8411c7c8a2c7d60f27086013f0ed1632
traj_samples/c2_qb_fixed8_corr_s0/stage_0200.json	393	67181545c8f1571180113f8227f09952
traj_samples/c2_qb_fixed8_corr_s0/stage_0200.parquet	5026684	f39e4b39aaafebf30f43002ca55d8b57
traj_samples/c2_qb_perseq_corr_s0/stage_0025.json	385	9cd7f0de13b650b658718261d6b815cc
traj_samples/c2_qb_perseq_corr_s0/stage_0025.parquet	389541	02640bf5bb4de0a8807ebb8b0bb7c291
traj_samples/c2_qb_perseq_corr_s0/stage_0050.json	387	6101980d56107083ca6f88b872fc1499
traj_samples/c2_qb_perseq_corr_s0/stage_0050.parquet	828436	b83245fc02bda90a708dfca52cee0451
traj_samples/c2_qb_perseq_corr_s0/stage_0075.json	385	59249bb9c8e612787455ff1acb854ea3
traj_samples/c2_qb_perseq_corr_s0/stage_0075.parquet	947370	307450211e2fc9fd289ea5d1b4595240
traj_samples/c2_qb_perseq_corr_s0/stage_0100.json	391	15f1fae50fef9d86a5524a3f11c5625f
traj_samples/c2_qb_perseq_corr_s0/stage_0100.parquet	961853	235be821b3a28271586e112c7e28fefb
traj_samples/c2_qb_perseq_corr_s0/stage_0125.json	390	fc7b8196a997edaec0feaa3016d9ca86
traj_samples/c2_qb_perseq_corr_s0/stage_0125.parquet	970642	fe0f79be60ee63f457b9344f34454e84
traj_samples/c2_qb_perseq_corr_s0/stage_0150.json	389	efb764eebcfb7fdc34944f696647bcaa
traj_samples/c2_qb_perseq_corr_s0/stage_0150.parquet	1028602	41b44cc0d8b42ba6c9eda0e943213fde
traj_samples/c2_qb_perseq_corr_s0/stage_0175.json	389	d70114ce329aff0585391f3220bfe506
traj_samples/c2_qb_perseq_corr_s0/stage_0175.parquet	1051307	fa982b843cc891687f70b34c9909dc9d
traj_samples/c2_qb_perseq_corr_s0/stage_0200.json	391	d52cab899ae7580a57fdb6e5cec47c3f
traj_samples/c2_qb_perseq_corr_s0/stage_0200.parquet	1022092	6f684d591f8846103e2aaaf92c2bb884
traj_samples/c3_intersection_corr_s0/stage_0025.json	393	2b097ed872f2dd441996df0b21f38c0d
traj_samples/c3_intersection_corr_s0/stage_0025.parquet	1208036	a3646dc00d451f32622192e60b5a5f68
traj_samples/c3_intersection_corr_s0/stage_0050.json	392	9ea5e1baaaf6aa0616649c9ccce8748b
traj_samples/c3_intersection_corr_s0/stage_0050.parquet	2855402	f0871b9aab2731c054c0169c212c3476
traj_samples/c3_intersection_corr_s0/stage_0075.json	393	199709116797c9ac398dac2789fcf200
traj_samples/c3_intersection_corr_s0/stage_0075.parquet	1450618	f4ab6ed830c83fdb55c2e60d1845497f
traj_samples/c3_intersection_corr_s0/stage_0100.json	391	7d1f07b91c3355b1353aff22a2e770b6
traj_samples/c3_intersection_corr_s0/stage_0100.parquet	1154934	bcc32403182339f51959ffb1eb4c2136
traj_samples/c3_intersection_corr_s0/stage_0125.json	394	e4fe1ba3354bce7d8855821da228b34d
traj_samples/c3_intersection_corr_s0/stage_0125.parquet	1354136	a1462278bd922e33d621c33aeeef969c
traj_samples/c3_intersection_corr_s0/stage_0150.json	394	5915926e5d9b84516436fa5760cd2f4a
traj_samples/c3_intersection_corr_s0/stage_0150.parquet	1480675	098b46eecd9255249fed874069ee8a4e
traj_samples/c3_intersection_corr_s0/stage_0175.json	394	7e64355b766ea40ca156041f4da0d54a
traj_samples/c3_intersection_corr_s0/stage_0175.parquet	1541583	db7afb2ebc4ca1ab87099af565b0abae
traj_samples/c3_intersection_corr_s0/stage_0200.json	391	74a8b807ff109128e96e85a9fe939e66
traj_samples/c3_intersection_corr_s0/stage_0200.parquet	1581818	c7631c541b391ae2110cc47280dbfcac
traj_samples/c5_union_fkl_s0/stage_0025.json	382	e3051ef8965ac8cfb1718a9c196dfff2
traj_samples/c5_union_fkl_s0/stage_0025.parquet	278843	fca998ca4890b04b7d64e13dcc1d3af5
traj_samples/c5_union_fkl_s0/stage_0050.json	382	5b645f9dbc79f6c0b1beed56f1698dfd
traj_samples/c5_union_fkl_s0/stage_0050.parquet	1324249	f407b1c9e76032d9b10d54c015fa188b
traj_samples/c5_union_fkl_s0/stage_0075.json	385	5feed588aa50f92840e025b7cae4ee35
traj_samples/c5_union_fkl_s0/stage_0075.parquet	1435793	85971580e517e1bb06ce472541c93033
traj_samples/c5_union_fkl_s0/stage_0100.json	386	32f35d10d369a7605ed5ac5b9e871480
traj_samples/c5_union_fkl_s0/stage_0100.parquet	1466316	08ce2e9cea1bcaade3e864007885575c
traj_samples/c5_union_fkl_s0/stage_0125.json	385	ec5d4fb56bba97fd989ca9e51f7f2ef4
traj_samples/c5_union_fkl_s0/stage_0125.parquet	1457192	0eaa512252657d239390a6e19e22087d
traj_samples/c5_union_fkl_s0/stage_0150.json	386	07baecaacdac0753f6d63dcc3c664403
traj_samples/c5_union_fkl_s0/stage_0150.parquet	1690314	fc7fd16696e06636cfa0d119a9d87508
traj_samples/c5_union_fkl_s0/stage_0175.json	387	0ab5d956fd22463644dd60a4fc60e251
traj_samples/c5_union_fkl_s0/stage_0175.parquet	1702001	e7d39a4d3f8b343229f315392ae8d4c9
traj_samples/c5_union_fkl_s0/stage_0200.json	388	4a24a9d0a81e4932639b4c87e432f8f0
traj_samples/c5_union_fkl_s0/stage_0200.parquet	1669382	b50bf881fe80f7828e55c06cb4520d26
traj_samples/c5_union_rkl_s0/stage_0025.json	380	c135964f18c6de89b58d69f8394698c9
traj_samples/c5_union_rkl_s0/stage_0025.parquet	516920	36bb5f5b94811cd1d2c4844ddcf18c44
traj_samples/c5_union_rkl_s0/stage_0050.json	383	b8ebd90669012c7f93470b85605c2b9e
traj_samples/c5_union_rkl_s0/stage_0050.parquet	787417	288deeeba9e387f78e18c9469849c83f
traj_samples/c5_union_rkl_s0/stage_0075.json	384	5e5c93d4ed761e3930d141d9c304ec16
traj_samples/c5_union_rkl_s0/stage_0075.parquet	878045	6175a09d596d4ac604da8a9f3e3c4c03
traj_samples/c5_union_rkl_s0/stage_0100.json	386	096e907769df4bf5f150748171cbe95d
traj_samples/c5_union_rkl_s0/stage_0100.parquet	1281582	91738f1a579fb8998eadcccd1005af72
traj_samples/c5_union_rkl_s0/stage_0125.json	383	3c3d804235156d48c09c25d3d7a8777f
traj_samples/c5_union_rkl_s0/stage_0125.parquet	1201181	e7e39e7116c47d7a968a7fee0188d570
traj_samples/c5_union_rkl_s0/stage_0150.json	386	8c73fd538bce39446607616075d6cfba
traj_samples/c5_union_rkl_s0/stage_0150.parquet	1228062	c15ad05f56703f45f69bc2a37f05e00d
traj_samples/d2_selectkd_corr_s0/stage_0025.json	387	6088e7922bd4e7949802124e0ef35c19
traj_samples/d2_selectkd_corr_s0/stage_0025.parquet	224260	b36d16a2e6e08582c09e665a3acf590d
traj_samples/d2_selectkd_corr_s0/stage_0050.json	388	3c7dfa25f8de61c25b5b86d5a84565fe
traj_samples/d2_selectkd_corr_s0/stage_0050.parquet	655084	910ab776860b46d83eeb42bb0444e6fb
traj_samples/d2_selectkd_corr_s0/stage_0075.json	385	85c106c552180004228a83d5e2c5967e
traj_samples/d2_selectkd_corr_s0/stage_0075.parquet	854000	5c0f46c44b5bbc166a87d291c2f9fffb
traj_samples/d2_selectkd_corr_s0/stage_0100.json	390	42153b123669b8298e0d48f16ebf35c1
traj_samples/d2_selectkd_corr_s0/stage_0100.parquet	866788	3619c6c1692960bb5060d088c169e274
traj_samples/d2_selectkd_corr_s0/stage_0125.json	389	7c8acae265699467022a99d18cac0cc1
traj_samples/d2_selectkd_corr_s0/stage_0125.parquet	854029	e54554bff4ca89a69cce212579e18cab
traj_samples/d2_selectkd_corr_s0/stage_0150.json	389	2db22534e86312de7a54b2ed8d86d7d2
traj_samples/d2_selectkd_corr_s0/stage_0150.parquet	882863	a3f02a70e721922d41b65b480658185e
traj_samples/d2_selectkd_corr_s0/stage_0175.json	389	06e3cb381f6d042c0400e2584bb34e0e
traj_samples/d2_selectkd_corr_s0/stage_0175.parquet	926998	fc3007ce681b5f47584e0957384a38e6
traj_samples/d2_selectkd_corr_s0/stage_0200.json	386	8fa83467e914b4ae42a5260798756588
traj_samples/d2_selectkd_corr_s0/stage_0200.parquet	861151	a4912ac2c4811d4db888bbf2fe403bec
traj_samples/d3_teachability_corr_s0/stage_0025.json	388	727412a205b87f78c9be4f57bdef7273
traj_samples/d3_teachability_corr_s0/stage_0025.parquet	273190	d5a14f48b315b22c132b374dcd2f48b6
traj_samples/d3_teachability_corr_s0/stage_0050.json	391	8a8b20f408b55b87ddf8e8723382cf7d
traj_samples/d3_teachability_corr_s0/stage_0050.parquet	621310	9105f9ad142a0cb849f060a7a85f72ec
traj_samples/d3_teachability_corr_s0/stage_0075.json	393	4cf10c547894abbbc69033339d4b8666
traj_samples/d3_teachability_corr_s0/stage_0075.parquet	1889705	e8f2f9a8f3d2c021992c899882c5c4fe
traj_samples/d3_teachability_corr_s0/stage_0100.json	394	ba8099ebc1db761b3be0c61d40c952af
traj_samples/d3_teachability_corr_s0/stage_0100.parquet	1017099	bb6a9136c46f8bc34a3e04dc9c49f8f1
traj_samples/d3_teachability_corr_s0/stage_0125.json	394	c9f31b19a4a4127a3689cd06c07a8934
traj_samples/d3_teachability_corr_s0/stage_0125.parquet	1237143	a9a9f4978eb9a64fc39ad78fe4035a49
traj_samples/d3_teachability_corr_s0/stage_0150.json	395	59240fb52fa74b0c66a4a3112bfa6882
traj_samples/d3_teachability_corr_s0/stage_0150.parquet	1331399	e2c1ede6380c6cb6d03673ea6a198fe7
traj_samples/d3_teachability_corr_s0/stage_0175.json	395	3a8a834ca69e8b9c11496a54781df50a
traj_samples/d3_teachability_corr_s0/stage_0175.parquet	1423975	d00354acb16ae84c177234cc67c1bade
traj_samples/d3_teachability_corr_s0/stage_0200.json	393	90fd943a7280b3e02a66e7992b88e210
traj_samples/d3_teachability_corr_s0/stage_0200.parquet	1452255	e36f3467e2a66532d1b26e594644e35b
traj_samples/e2_set_coverage_a0_corr_s0/stage_0025.json	391	8ef5ace8e08cd78e9b57472ab2ea1369
traj_samples/e2_set_coverage_a0_corr_s0/stage_0025.parquet	210005	35cdc66edde2c4aeca9c3b49c90c75f5
traj_samples/e2_set_coverage_a0_corr_s0/stage_0050.json	394	44df8871f6cee6f675a6c90c7f50cc7c
traj_samples/e2_set_coverage_a0_corr_s0/stage_0050.parquet	510261	9a86b707c689318c98277ae2200d91aa
traj_samples/e2_set_coverage_a0_corr_s0/stage_0075.json	393	49c862537621f7618dd8144d6ddfb10d
traj_samples/e2_set_coverage_a0_corr_s0/stage_0075.parquet	550516	c263ee35c79dbe742d224807209344ae
traj_samples/e2_set_coverage_a0_corr_s0/stage_0100.json	396	6cd9ebd01fbf7ea4a1dcf9c4b17876f6
traj_samples/e2_set_coverage_a0_corr_s0/stage_0100.parquet	537242	8b97ce0d34bb4feb29f57c60274e9d6f
traj_samples/e2_set_coverage_a0_corr_s0/stage_0125.json	396	426dff79a3a15d319a456f0ac719ad72
traj_samples/e2_set_coverage_a0_corr_s0/stage_0125.parquet	549693	fc756f73f9adff90329c2e264fe08b61
traj_samples/f2_hard_clip_corr_s0/stage_0025.json	386	178c9fb9e7cbb86a598451205d798403
traj_samples/f2_hard_clip_corr_s0/stage_0025.parquet	235376	ad681f600c3d8ca5eabb37f73bdf7415
traj_samples/f2_hard_clip_corr_s0/stage_0050.json	385	6bd2722dcc30e2a18b543c4c0deaf021
traj_samples/f2_hard_clip_corr_s0/stage_0050.parquet	793347	c857a28c2d69fcb27a88a6f87702e2c4
traj_samples/f2_hard_clip_corr_s0/stage_0075.json	389	ba12b35426668cc4d1613cbba92b9607
traj_samples/f2_hard_clip_corr_s0/stage_0075.parquet	878320	8936ce9190408dbf1c4087eebd69ef40
traj_samples/f2_hard_clip_corr_s0/stage_0100.json	390	b31bc2549419a073b6375a1116789b3d
traj_samples/f2_hard_clip_corr_s0/stage_0100.parquet	967997	a62ec199e7159a14a1911149c32f78ba
traj_samples/f2_hard_clip_corr_s0/stage_0125.json	389	6e433ef3188f1cefe50a5c92a450815a
traj_samples/f2_hard_clip_corr_s0/stage_0125.parquet	906748	5de5d684404dcee021729b2c0df47bde
traj_samples/f2_hard_clip_corr_s0/stage_0150.json	391	f0be4f3f91e77005609801cdccb5f62c
traj_samples/f2_hard_clip_corr_s0/stage_0150.parquet	938053	d0880744419447473fa53647b0df38d3
traj_samples/f2_hard_clip_corr_s0/stage_0175.json	390	d900b88fed06e929ce6ffb53a89c9cdf
traj_samples/f2_hard_clip_corr_s0/stage_0175.parquet	955524	a53462c55b5dc8bc7bf53ce8fadec2c6
traj_samples/f2_hard_clip_corr_s0/stage_0200.json	390	2c0ae5d5cdab77505a382db876f35022
traj_samples/f2_hard_clip_corr_s0/stage_0200.parquet	944569	ec16237cb14909505c2137033b539bb6
traj_samples/f3_power_corr_s0/stage_0025.json	377	de04e280aebb42bf8addb429a233cf6d
traj_samples/f3_power_corr_s0/stage_0025.parquet	437203	b6228a0863f798dd6dc1a67ff882ab85
traj_samples/f3_power_corr_s0/stage_0050.json	384	497b33247d4a161377929a343b1eea3a
traj_samples/f3_power_corr_s0/stage_0050.parquet	946565	0701085c7cc5625e59146be1ef9a60cd
traj_samples/f3_power_corr_s0/stage_0075.json	383	96ee88a50a2376a02b36d335c37df9e0
traj_samples/f3_power_corr_s0/stage_0075.parquet	1633483	0ede007f429155a53275ccaa9547aa92
traj_samples/f3_power_corr_s0/stage_0100.json	386	7c2a6e7e19ca65f562574bdb9b6f0a59
traj_samples/f3_power_corr_s0/stage_0100.parquet	1244348	897681fcf8cadb281f10d9c1e2350f36
traj_samples/f3_power_corr_s0/stage_0125.json	388	2944376084dfae6a5be3aa300303ba87
traj_samples/f3_power_corr_s0/stage_0125.parquet	1443941	73d3c127781e9e3720685f2894a99c00
traj_samples/f3_power_corr_s0/stage_0150.json	386	636aea7e20e216cac93a85ace0469d11
traj_samples/f3_power_corr_s0/stage_0150.parquet	1464704	d0956ed4ffcb4a02de9fcc3c3eb6158c
traj_samples/f3_power_corr_s0/stage_0175.json	386	60ab81596cfb55b1363947ccbbf4a83b
traj_samples/f3_power_corr_s0/stage_0175.parquet	1469912	d5d606f4c08c94377ca9c62f24de6254
traj_samples/f3_power_corr_s0/stage_0200.json	387	19b6f35cdbd9e5ca6f7d2a7a22e30410
traj_samples/f3_power_corr_s0/stage_0200.parquet	1418167	3c7b1ed4a17ff7394f3a7c613d34d0d4
traj_samples/g1_verified_only_corr_s0/stage_0025.json	385	3109fd27be8bb09c81a83fe51aa0ed0b
traj_samples/g1_verified_only_corr_s0/stage_0025.parquet	224428	6f2525c94f65350c0c61f11a0aaca529
traj_samples/g1_verified_only_corr_s0/stage_0050.json	392	8c736ffb70c1d6e3769454870e4ae811
traj_samples/g1_verified_only_corr_s0/stage_0050.parquet	201327	65cfdf83279310992a646f91eadfdeb6
traj_samples/g1_verified_only_corr_s0/stage_0075.json	390	dea5e73ca68e14e75ce8c25a4060bb1c
traj_samples/g1_verified_only_corr_s0/stage_0075.parquet	264376	1e47be02da19716338c54e01d68c06a7
traj_samples/g1_verified_only_corr_s0/stage_0100.json	393	f938425da35355cbb577da911caeba6b
traj_samples/g1_verified_only_corr_s0/stage_0100.parquet	634640	71cc6b8dd60e1b6ec1f6ce82ae12d31a
traj_samples/g1_verified_only_corr_s0/stage_0125.json	395	00d84a17cc57255fc157280cb37bd1c8
traj_samples/g1_verified_only_corr_s0/stage_0125.parquet	739625	1a24e2f392738ce507d1675b8b76a691
traj_samples/g1_verified_only_corr_s0/stage_0150.json	394	67b6d4ae7d5a844112039c9fbb338ebf
traj_samples/g1_verified_only_corr_s0/stage_0150.parquet	740363	5469e90364b7f640164bad8097d617cf
traj_samples/g1_verified_only_corr_s0/stage_0175.json	394	6ad471b1035dc522d6ce4c62d59be4ea
traj_samples/g1_verified_only_corr_s0/stage_0175.parquet	739548	aae6f9146d60f7930a9804f372ae096b
traj_samples/g1_verified_only_corr_s0/stage_0200.json	393	0d96fee1771d97b3b45e9373953ca5fd
traj_samples/g1_verified_only_corr_s0/stage_0200.parquet	808146	72c69a9cf2db1ec49a9577d7200e63d2
traj_samples/g6_seqmean_corr_s0/stage_0025.json	385	2c096805448fea9b4122deb5ab01e920
traj_samples/g6_seqmean_corr_s0/stage_0025.parquet	256731	2d4c041edbe9965526f297fec6a4c910
traj_samples/g6_seqmean_corr_s0/stage_0050.json	386	7a9791ddef477ad5e38582540b30e1b2
traj_samples/g6_seqmean_corr_s0/stage_0050.parquet	709891	746f7471f07afcdb2fd59132899a6331
traj_samples/g6_seqmean_corr_s0/stage_0075.json	384	23197eb1ccf880b5d1a53a5ada9ade11
traj_samples/g6_seqmean_corr_s0/stage_0075.parquet	947360	5418e6c11d592cdd4fb37cd97502bbe4
traj_samples/g6_seqmean_corr_s0/stage_0100.json	390	015f987253fd151b9b3a9fd59275dc7a
traj_samples/g6_seqmean_corr_s0/stage_0100.parquet	1012732	b54be9c0a96f53a0dbbf7a8f495ff8a1
traj_samples/g6_seqmean_corr_s0/stage_0125.json	388	afbb202b839e6e28f418775e3f9f7005
traj_samples/g6_seqmean_corr_s0/stage_0125.parquet	909923	4b3d54f40758e16b03eb57a3ceab47f3
traj_samples/h1_first_segment_corr_s0/stage_0025.json	390	76ae2f6162957aa4731805fd1d44acb2
traj_samples/h1_first_segment_corr_s0/stage_0025.parquet	189557	31560bd99af974f90884ec2e01fa7aab
traj_samples/h1_first_segment_corr_s0/stage_0050.json	389	a92843984c61e74309f8ec0dea2b7243
traj_samples/h1_first_segment_corr_s0/stage_0050.parquet	248418	52863e3cfced46f159baacfc4a6a3a71
traj_samples/h1_first_segment_corr_s0/stage_0075.json	392	034f9036dcded3f76f4c1d5f16f1f990
traj_samples/h1_first_segment_corr_s0/stage_0075.parquet	293399	27005fa16a9ee545378bfbb9079f8d3c
traj_samples/h1_first_segment_corr_s0/stage_0100.json	394	ff230893f17edea8a31c2797f1b92448
traj_samples/h1_first_segment_corr_s0/stage_0100.parquet	258754	cb8671ef960b1bc929df0a81d6482980
traj_samples/h1_first_segment_corr_s0/stage_0125.json	391	f7dcf1e1762dee501dea6621b41314d7
traj_samples/h1_first_segment_corr_s0/stage_0125.parquet	322302	3d29401a5e7fb060828b67728df4d0ac
traj_samples/h1_first_segment_corr_s0/stage_0150.json	391	fa7492a355d40118852f0bd63f33f84f
traj_samples/h1_first_segment_corr_s0/stage_0150.parquet	287763	650b9b30b4560759376a2f06639ad08c
traj_samples/h1_first_segment_corr_s0/stage_0175.json	391	77411a7f9417744a28125769a5835ae3
traj_samples/h1_first_segment_corr_s0/stage_0175.parquet	316102	c5fd5ab72f983d5641dfea718339e29e
traj_samples/h1_first_segment_corr_s0/stage_0200.json	393	c9d58e18b4bf3d94bce658ec1f46e5e9
traj_samples/h1_first_segment_corr_s0/stage_0200.parquet	390132	6c98c937bcef26b020a538f7f1f91f36
traj_samples/h2_last_segment_corr_s0/stage_0025.json	389	5595174991c99b381d0a304c5272597c
traj_samples/h2_last_segment_corr_s0/stage_0025.parquet	428859	f5a54c3d0919aab202c7e8d8995e793c
traj_samples/h2_last_segment_corr_s0/stage_0050.json	388	4624347ee575ef8b977a8440a8c1015b
traj_samples/h2_last_segment_corr_s0/stage_0050.parquet	799923	7f55cc8fd9e7a15fb768229263e87408
traj_samples/h2_last_segment_corr_s0/stage_0075.json	391	ff18c884a149dcd15d45d8e8d04961ba
traj_samples/h2_last_segment_corr_s0/stage_0075.parquet	650007	52452483ab02db6524ceecbdb0e4a501
traj_samples/h2_last_segment_corr_s0/stage_0100.json	393	8e2f4349821388469752d12f3032b7c1
traj_samples/h2_last_segment_corr_s0/stage_0100.parquet	714799	dc072812face7de0f783f93f2fabd672
traj_samples/h3_random_segment_corr_s0/stage_0025.json	393	ca9801f50eab7bddcee9d8837af45a45
traj_samples/h3_random_segment_corr_s0/stage_0025.parquet	234861	b0a924f260d6d80073cd2184cd1a59c4
traj_samples/h3_random_segment_corr_s0/stage_0050.json	393	2da086663883944ad6890b0d90925120
traj_samples/h3_random_segment_corr_s0/stage_0050.parquet	374958	4eb3d56de89f7ec3db428fefe02628e1
traj_samples/h3_random_segment_corr_s0/stage_0075.json	394	307bc283c4049b8bedf98bfad7931a7b
traj_samples/h3_random_segment_corr_s0/stage_0075.parquet	773962	4ab771deb34e9f88d334f5f481a8a612
traj_samples/h3_random_segment_corr_s0/stage_0100.json	396	56063b67c2141034d870fc2a51f27fbc
traj_samples/h3_random_segment_corr_s0/stage_0100.parquet	759115	189ae61cd965c07c872b0886268c8ed4
traj_samples/h3_random_segment_corr_s0/stage_0125.json	395	23ee800c63e92163be8932edbebb49b8
traj_samples/h3_random_segment_corr_s0/stage_0125.parquet	814451	7a9ebf9771dd0ee0c585b2a8d46b9559
traj_samples/h3_random_segment_corr_s0/stage_0150.json	394	345f3628c65854989e9fd3f07ac7d468
traj_samples/h3_random_segment_corr_s0/stage_0150.parquet	854435	e9f4f982be1980f3ca660d113194e1c9
traj_samples/h3_random_segment_corr_s0/stage_0175.json	394	3213dee64fb5351b8ae5b80c1964eb12
traj_samples/h3_random_segment_corr_s0/stage_0175.parquet	878195	b2457caaa6ae59d9a58af38b9715b2be
traj_samples/h3_random_segment_corr_s0/stage_0200.json	394	317ac4b6bca0044d1d79d7734a30b79a
traj_samples/h3_random_segment_corr_s0/stage_0200.parquet	859358	a4d0a7c1117086fda6b7b43b5218df0a
traj_samples/h4_random_scatter_corr_s0/stage_0025.json	392	1a875fccd15e6c3f831ab03e9ba0993b
traj_samples/h4_random_scatter_corr_s0/stage_0025.parquet	204389	bf86773f31fd20711341acf9c4cd0372
traj_samples/h4_random_scatter_corr_s0/stage_0050.json	390	ff24e0a5e859df077324a0aa05236575
traj_samples/h4_random_scatter_corr_s0/stage_0050.parquet	469903	0a674efa2fd5e8d396f8b7ac7ad7649d
traj_samples/h4_random_scatter_corr_s0/stage_0075.json	395	899ed4df6ec8944b7d415cebcd38f7c0
traj_samples/h4_random_scatter_corr_s0/stage_0075.parquet	803613	08d48b5145b19d03ecc1efadf2a965ad
traj_samples/h4_random_scatter_corr_s0/stage_0100.json	395	f57256c037ed2b9dd150f44c64ac67fd
traj_samples/h4_random_scatter_corr_s0/stage_0100.parquet	748656	c034823539fc9c5c9272691690daa29d
traj_samples/h4_random_scatter_corr_s0/stage_0125.json	397	69dc892d05c72e0b2bde840c28e1b6a6
traj_samples/h4_random_scatter_corr_s0/stage_0125.parquet	805886	669420656611860a656e645b76e49d4b
traj_samples/h4_random_scatter_corr_s0/stage_0150.json	396	cef6eccdd1048565417f54364ad7a21a
traj_samples/h4_random_scatter_corr_s0/stage_0150.parquet	879571	837b5e68a1571eddd3423eb1f7fd1f11
traj_samples/h4_random_scatter_corr_s0/stage_0175.json	394	8f73a81da3617f5f83f12d352e8a3e40
traj_samples/h4_random_scatter_corr_s0/stage_0175.parquet	868313	6060cdc2aa05e8898610d9053e1cab28
traj_samples/h4_random_scatter_corr_s0/stage_0200.json	396	7dfdd3b068630c5e9186d6a88c680bd9
traj_samples/h4_random_scatter_corr_s0/stage_0200.parquet	844729	c124cc8b090cffa19e07907c6115d2ba
traj_samples/n2_corr_s0/stage_0025.json	378	b257a171f04ece346c289e45a2432f23
traj_samples/n2_corr_s0/stage_0025.parquet	411905	e6a57996d403e087f8d47e1ebdd5a031
traj_samples/n2_corr_s0/stage_0050.json	374	d9d5916edcde543c5d382b7f3bd6ef0a
traj_samples/n2_corr_s0/stage_0050.parquet	360884	a0f4279ada31843b908b3e03114d93ab
traj_samples/n2_corr_s0/stage_0075.json	380	c5450d50d0b1bef9f3c210c125708f62
traj_samples/n2_corr_s0/stage_0075.parquet	841741	795967152d813f1decaa1db1bca1cfd9
traj_samples/n2_corr_s0/stage_0100.json	377	a4d258a3de524675151264710a962752
traj_samples/n2_corr_s0/stage_0100.parquet	927471	7e27f723db61bbc327f2e05a95ee7d0d
traj_samples/n2_corr_s0/stage_0125.json	379	c5a8a688a39c99ab0e201531e6f4d51a
traj_samples/n2_corr_s0/stage_0125.parquet	995942	837c4287ea012ef88de65aca199851c8
traj_samples/n2_corr_s0/stage_0150.json	383	8029c088c479cf9d3aeaa7e95d4bf1eb
traj_samples/n2_corr_s0/stage_0150.parquet	1060153	af454c4eced8aebbcb74b6ad52d85eea
traj_samples/n2_corr_s0/stage_0175.json	381	21b52dfd09cb8c93b0947ccf377ea38c
traj_samples/n2_corr_s0/stage_0175.parquet	1049743	16f72833081475064e608c66a604fc61
traj_samples/n2_corr_s0/stage_0200.json	382	8ec4f3f537360c0906a6fb300b5ab247
traj_samples/n2_corr_s0/stage_0200.parquet	1003647	d25bdc4c2d32c9b010ad8bbc1e31e328
traj_samples/n2_corr_s0/stage_0225.json	382	68eae366a5feb2d5b3d4f82b20509827
traj_samples/n2_corr_s0/stage_0225.parquet	1079184	b3ab40c04c93bd30af555936f1382112
traj_samples/n2_corr_s0/stage_0250.json	383	cfbae21eaa6094673892709a43f390f0
traj_samples/n2_corr_s0/stage_0250.parquet	1023569	5873a6a520f7ac1a596da03d3b9c165a
traj_samples/vanilla_te_s0/stage_0025.json	378	2e2efcb8407ffda50f3617dc1dff9672
traj_samples/vanilla_te_s0/stage_0025.parquet	230260	717cb36b79423d6395359144c95407a5
traj_samples/vanilla_te_s0/stage_0050.json	382	898f260889cf9699f075012259930917
traj_samples/vanilla_te_s0/stage_0050.parquet	796138	b7082b11ff2cfd9b3ea1a584250b9a6b
traj_samples/vanilla_te_s0/stage_0075.json	382	eb13fe84a9c0b243466a82c9b24e1c93
traj_samples/vanilla_te_s0/stage_0075.parquet	915359	96b97ca9b3d28f988134205580f6dac6
traj_samples/vanilla_te_s0/stage_0100.json	379	86ca3dcd8eadf8a5c03b9746216f3f14
traj_samples/vanilla_te_s0/stage_0100.parquet	952399	c49bf10e0811c697471fd56719ad14d5
traj_samples/vanilla_te_s0/stage_0125.json	384	cc812e9995b2cd48d160b78cda3ef7e1
traj_samples/vanilla_te_s0/stage_0125.parquet	953916	a381be764fa1ce68f162d05e4e584c1b
traj_samples/vanilla_te_s0/stage_0150.json	383	46e6f35450c066513ba8e7d65221840c
traj_samples/vanilla_te_s0/stage_0150.parquet	957469	3b04393a37bc6136bf6073d889c92d07
traj_samples/vanilla_te_s0/stage_0175.json	382	72e179567de739130b9d1b47dc757ce5
traj_samples/vanilla_te_s0/stage_0175.parquet	979077	e46d602cc584368e5b2646ad966c01a2
traj_samples/vanilla_te_s0/stage_0200.json	383	a1eabdd77db65a837261eb7fdd1056fc
traj_samples/vanilla_te_s0/stage_0200.parquet	961807	d14b6ff12b8a6dc21d037973723d98b6
traj_samples/vanilla_te_s0/stage_0225.json	385	8e2d72fa47b23deb9ee9c8816e90061f
traj_samples/vanilla_te_s0/stage_0225.parquet	1029853	6c75e3bea0dfa98a05d135d1fad2adb9
traj_samples/vanilla_te_s0/stage_0250.json	386	4a5b9a844490710b8aabc5bef911e431
traj_samples/vanilla_te_s0/stage_0250.parquet	1072119	97f868c544fa8c6ad84b19c986a31951
